name_of_gas,temperature scope,a7,a6,a5,a4,a3,a2,a1
H2O,298.15-1000,-1.79E-12,6.37E-09,-9.04E-06,0.008181718,0.691781599,590.3194176,-37520.84034
H2O,1000-6000,5.89E-16,-6.92E-12,4.08E-08,-0.000240733,8.899313192,-5785.149833,2053269.068
C2,298.15-1000,-6.19E-12,2.98E-08,-5.93E-05,0.062432754,-31.67411222,10292.83584,-1043957.223
C2,1000-6000,-1.62E-15,3.11E-11,-2.13E-07,0.000815537,3.84904021,-620.0936342,473587.1476
CO,298.15-1000,3.42E-13,-7.93E-10,-7.01E-07,0.003735615,0.68257959,804.7481196,-80904.09642
CO,1000-6000,3.53E-16,-7.95E-12,7.49E-08,-0.000347219,5.520616274,-1581.164126,330390.5259
CO2,298.15-1000,1.00E-12,-3.46E-09,3.87E-06,-0.000672597,6.638981714,-914.6888852,74260.77423
CO2,1000-6000,-4.41E-16,1.20E-11,-1.04E-07,0.000443848,6.897314583,-78.88312131,-653017.0519
CH4,298.15-1000,-3.04E-12,1.27E-08,-2.45E-05,0.029159178,-7.37338581,1690.982583,-75013.17488
CH4,1000-6000,1.51E-15,-3.81E-11,3.97E-07,-0.002224437,20.1599219,-13006.60513,3342198.271
ClO,298.15-1000,-9.43E-15,8.85E-11,-1.27E-07,-3.43E-05,4.840376902,-301.3971096,29932.62076
ClO,1000-6000,-1.22E-15,5.30E-11,-6.93E-07,0.00357457,-3.689404336,8802.581545,-3593754.156
H2O2,298.15-1000,-3.34E-11,1.26E-07,-0.000192134,0.149671497,-53.88187748,11856.57209,-1007381.808
H2S,298.15-1000,2.50E-12,-1.00E-08,1.49E-05,-0.008446663,7.275414565,-724.7923002,63233.80558
H2S,1000-6000,6.23E-16,-1.55E-11,1.60E-07,-0.000798812,9.772718601,-4894.503115,1281440.279
Hf,298.15-1000,1.86E-12,-7.39E-09,1.07E-05,-0.0056514,3.590711597,-3.846040726,-14522.31513
Hf,1000-6000,7.95E-15,-1.89E-10,1.80E-06,-0.007864527,20.76561137,-17188.30442,5795280.152
NO,298.15-1000,-1.48E-13,1.74E-09,-5.65E-06,0.008226124,-1.116709454,1127.520606,-95202.40529
NO,1000-6000,2.02E-16,-4.74E-12,4.56E-08,-0.000207835,5.162835524,-1040.559196,131084.2272
NO2,298.15-1000,-2.71E-12,1.25E-08,-2.38E-05,0.023118414,-4.15502815,1349.432127,-90169.01764
NO2,1000-6000,1.95E-16,-4.71E-12,4.65E-08,-0.000239735,7.689765789,-1074.416902,-145019.3908
N2,298.15-1000,1.90E-12,-7.22E-09,1.01E-05,-0.005518333,4.773174216,-90.19965222,-3873.844088
N2,1000-6000,8.93E-16,-1.76E-11,1.46E-07,-0.000624891,6.127696178,-2330.886193,632640.0187
O2,298.15-1000,-1.39E-12,6.73E-09,-1.33E-05,0.013579341,-2.556466068,1226.592176,-94065.30746
O2,1000-6000,-6.40E-16,3.51E-11,-4.34E-07,0.002372091,-0.814862725,5279.986175,-2258721.246
O3,298.15-1000,-2.87E-13,1.42E-09,-2.28E-06,0.000913764,8.458132024,-1799.486258,194876.2628
O3,1000-6000,1.21E-16,-2.71E-12,2.45E-08,-5.12E-05,7.297791481,-418.6155146,-232898.319
H2,298.15-1000,-9.69E-13,3.56E-09,-4.91E-06,0.003837739,1.654053235,529.0382054,-67077.88215
H2,1000-6000,-1.51E-15,1.63E-11,-2.92E-08,-0.000122852,5.845361621,-3796.445204,1734454.178
C1,298.15-1000,-1.41E-13,5.20E-10,-7.73E-07,0.000591601,2.253824719,52.71610529,-3978.917884
C1,1000-6000,4.57E-16,-5.17E-12,-1.56E-08,0.000422135,1.058501642,1816.825383,-784110.0397
AlC,298.15-1000,2.65E-13,-1.22E-09,2.46E-06,-0.002739677,6.440065062,-806.9711138,68878.29508
AlC,1000-6000,3.31E-17,-7.10E-13,6.13E-09,2.70E-05,4.565529209,-82.84788512,-54494.95109
BC,298.15-1000,-1.76E-12,7.72E-09,-1.38E-05,0.012588854,-1.212611363,766.6197707,-44961.26043
BC,1000-6000,8.72E-17,-1.97E-12,1.83E-08,-4.88E-05,4.74410883,-363.665293,-69533.0206
CBr,298.15-1000,8.93E-13,-3.76E-09,6.43E-06,-0.005627885,7.129038742,-528.1867911,15634.31827
CBr,1000-6000,-8.56E-17,3.14E-12,-2.98E-08,0.000171902,4.225640161,294.7823917,-109408.9696
CBrF3,298.15-1000,-3.40E-12,1.38E-08,-2.22E-05,0.016814842,8.465691174,-1496.168704,134565.3723
CBrF3,1000-6000,1.55E-16,-3.62E-12,3.45E-08,-0.000172367,13.47957157,-719.7443293,-481400.6664
BrCN,298.15-1000,1.66E-12,-6.06E-09,7.97E-06,-0.003724368,7.438055977,-266.9443124,-28966.21909
BrCN,1000-6000,1.20E-16,-3.45E-12,3.96E-08,-9.57E-05,8.271891225,-1372.169437,149602.3741
CBr4,298.15-1000,7.98E-13,-3.85E-09,7.85E-06,-0.008739344,18.7359902,-2183.784715,138557.5588
CBr4,1000-6000,5.04E-17,-1.07E-12,9.16E-09,-4.05E-05,13.0981197,-126.677095,-196107.1433
CCl,298.15-1000,-1.29E-13,3.78E-10,-1.80E-07,-0.000548649,5.531860626,-692.3231445,74675.26598
CCl,1000-6000,-3.25E-16,2.67E-12,2.60E-08,-0.000193584,5.186416381,-828.8508648,246269.3528
COClF,298.15-1000,-6.20E-13,3.17E-09,-6.56E-06,0.006562751,7.568816062,-1061.291514,74642.99964
COClF,1000-6000,2.13E-16,-5.16E-12,5.11E-08,-0.000265365,10.77027293,-1215.19132,-197622.865
CClF3,298.15-1000,-3.11E-12,1.28E-08,-2.06E-05,0.015388226,9.251237509,-1807.508836,158400.3084
CClF3,1000-6000,1.14E-16,-2.84E-12,2.87E-08,-0.000151567,13.44286132,-694.2970516,-536127.9322
ClCN,298.15-1000,9.94E-13,-3.81E-09,5.11E-06,-0.002137114,7.209019109,-420.2870433,-7049.902935
ClCN,1000-6000,-7.54E-17,-1.93E-13,2.02E-08,-5.19E-05,8.252842117,-1444.965935,160689.0697
COCl,298.15-1000,1.89E-13,1.97E-10,-2.67E-06,0.005099186,3.265185946,484.8629956,-67564.02005
COCl,1000-6000,1.46E-16,-3.62E-12,3.68E-08,-0.000196518,7.588263337,-958.4211281,26193.82086
CCl2,298.15-1000,-1.81E-12,4.26E-09,-6.65E-07,-0.004234142,11.23668547,-1820.727483,147169.0925
CCl2,1000-6000,9.64E-15,-2.31E-10,2.21E-06,-0.010633208,33.01633619,-26484.56004,9224481.36
CCl2F2,298.15-1000,-2.16E-12,8.41E-09,-1.25E-05,0.007830501,12.69972605,-2199.926781,173920.5235
CCl2F2,1000-6000,8.03E-17,-1.99E-12,2.01E-08,-0.000105444,13.30676065,-478.1970601,-469212.1159
COCl2,298.15-1000,3.63E-13,-8.61E-10,8.82E-08,0.001137452,9.567785948,-1035.324788,45931.10169
COCl2,1000-6000,1.71E-16,-4.14E-12,4.10E-08,-0.000213276,10.62195458,-988.2401449,-153093.1284
CCl3,298.15-1000,-3.07E-14,-3.34E-10,1.88E-06,-0.003726294,13.76526569,-2050.459118,152938.3575
CCl3,1000-6000,2.43E-17,-6.05E-13,6.16E-09,-3.28E-05,10.09708113,-153.8386522,-262663.3686
CCl3F,298.15-1000,-5.30E-13,1.61E-09,-9.42E-07,-0.00210375,16.93333856,-2714.078657,197858.4562
CCl3F,1000-6000,7.21E-17,-1.69E-12,1.61E-08,-7.98E-05,13.2198,-325.469356,-382772.1621
CCl4,298.15-1000,7.88E-13,-3.96E-09,8.51E-06,-0.010124762,20.18377422,-2989.921958,198777.2945
CCl4,1000-6000,5.24E-17,-1.15E-12,1.04E-08,-4.87E-05,13.12672043,-177.7873668,-305161.9308
CF,298.15-1000,-1.55E-12,6.83E-09,-1.22E-05,0.011072071,-0.411000256,571.0103471,-24476.70721
CF,1000-6000,-5.41E-16,1.06E-11,-6.65E-08,0.000226534,4.278799327,39.43776606,-192276.8899
FCN,298.15-1000,9.44E-13,-3.38E-09,4.04E-06,-0.001159732,6.815001158,-601.2705638,31900.06121
FCN,1000-6000,2.80E-16,-6.84E-12,6.85E-08,-0.000363739,8.591603533,-1806.745433,211212.1473
COF,298.15-1000,-5.54E-13,3.25E-09,-7.54E-06,0.00861713,2.518538922,48.74810177,1720.488896
COF,1000-6000,1.78E-16,-4.36E-12,4.35E-08,-0.000228407,7.670680267,-1070.997259,-68194.43116
CF2,298.15-1000,-2.48E-12,1.03E-08,-1.71E-05,0.013828868,2.258847964,-353.5269794,67297.08059
CF2,1000-6000,4.49E-15,-1.15E-10,1.08E-06,-0.0044002,15.86758788,-8691.399002,2793455.665
COF2,298.15-1000,-1.25E-12,5.98E-09,-1.16E-05,0.011141198,5.674988258,-1075.335626,104746.2986
COF2,1000-6000,2.94E-16,-6.94E-12,6.71E-08,-0.000341581,10.97699357,-1525.418753,-222066.5108
CF3,298.15-1000,-3.79E-12,1.58E-08,-2.64E-05,0.021405234,2.614688743,-594.9696293,83760.48786
CF3,1000-6000,1.69E-16,-3.96E-12,3.79E-08,-0.000189128,10.52515352,-785.9861824,-399700.5806
CIF3,298.15-1000,-3.31E-12,1.35E-08,-2.15E-05,0.016112704,8.769924784,-1495.23306,138086.3927
CIF3,1000-6000,9.30E-17,-2.36E-12,2.43E-08,-0.000130194,13.38489083,-608.4135481,-492625.2113
CF4,298.15-1000,-4.58E-12,1.90E-08,-3.15E-05,0.025248143,4.756514583,-1191.126371,123269.6146
CF4,1000-6000,1.98E-16,-4.73E-12,4.60E-08,-0.000234599,13.66548932,-1018.221083,-573461.5918
CF3OF,298.15-1000,-9.84E-12,3.74E-08,-5.61E-05,0.04080308,3.026878244,-1081.690192,183196.3271
CF3OF,1000-6000,1.28E-15,-2.72E-11,2.30E-07,-0.000973078,17.67492816,-2486.669345,-102920.5676
CF3SF5,298.15-1000,-2.94E-12,1.07E-08,-1.37E-05,0.004218932,33.78493211,-6912.838315,519160.0069
CF3SF5,1000-6000,2.45E-16,-5.79E-12,5.58E-08,-0.000280832,28.28676942,-1187.951036,-1128347.147
CH,298.15-1000,1.00E-12,-4.87E-09,9.12E-06,-0.007025032,6.144686814,-485.0718156,35182.76777
CH,1000-6000,-5.04E-16,4.41E-13,1.38E-07,-0.001391013,10.49878183,-8844.303213,3533143.603
CCl,298.15-1000,4.97E-12,-2.37E-08,4.20E-05,-0.033060115,19.90821654,-3696.963119,322446.7381
CCl,1000-6000,5.47E-15,-1.18E-10,9.87E-07,-0.003949244,14.3674279,-3474.77917,-1206584.092
CHClF2,298.15-1000,-2.93E-12,1.16E-08,-1.86E-05,0.01506381,7.664158706,-1780.531703,182919.5533
CHClF2,1000-6000,5.11E-16,-1.25E-11,1.28E-07,-0.000693292,15.16578243,-3817.394428,442785.4034
CHCl2F,298.15-1000,-2.70E-12,1.05E-08,-1.65E-05,0.013054523,8.492595029,-1726.754977,173521.9168
CHCl2F,1000-6000,4.40E-16,-1.10E-11,1.14E-07,-0.000630861,15.00982586,-3608.502165,452420.3956
CHCl3,298.15-1000,-1.34E-12,4.59E-09,-5.89E-06,0.003322889,13.01232584,-2429.588355,215272.973
CHCl3,1000-6000,3.77E-16,-9.60E-12,1.01E-07,-0.000572055,14.85434434,-3387.586615,501117.9649
CHF,298.15-1000,-2.14E-12,8.85E-09,-1.54E-05,0.014831086,-0.964809493,608.0688768,-16272.71899
CHF,1000-6000,3.27E-15,-3.19E-11,-1.78E-07,0.002946775,-2.067701275,9952.227963,-4913934.056
HCOF,298.15-1000,-2.11E-12,9.47E-09,-1.80E-05,0.018497044,0.30585843,-41.36112769,48476.75854
HCOF,1000-6000,5.63E-16,-1.40E-11,1.43E-07,-0.000783044,12.44785179,-4285.420903,651850.3663
CHF3,298.15-1000,-5.79E-12,2.41E-08,-4.07E-05,0.035243973,-1.864763005,-104.8839754,77555.17879
CHF3,1000-6000,5.39E-16,-1.34E-11,1.38E-07,-0.000754008,15.36482736,-4163.69912,367031.3952
HCN,298.15-1000,2.14E-12,-9.34E-09,1.57E-05,-0.011785822,10.90841749,-1703.478137,130456.4616
HCN,1000-6000,2.88E-16,-9.09E-12,9.82E-08,-0.000546073,9.65132125,-4352.209118,1198197.463
HNCO,298.15-1000,4.24E-13,-2.14E-09,3.64E-06,-0.001806017,9.387125496,-1514.06126,122342.4128
HNCO,1000-6000,4.52E-16,-1.19E-11,1.30E-07,-0.000767534,12.6391178,-5183.179699,1314047.594
HCO,298.15-1000,4.56E-13,-5.23E-10,-2.91E-06,0.007757598,0.34954232,701.0210253,-51896.68008
HCO,1000-6000,8.66E-16,-1.73E-11,1.37E-07,-0.000523355,8.374353559,-2404.749701,207075.1007
CHP,298.15-1000,-3.05E-13,1.64E-10,1.58E-06,-0.002394853,8.838380927,-1639.974421,151460.3223
CHP,1000-6000,-4.77E-15,1.07E-10,-7.93E-07,0.002806258,3.161776038,2296.952913,-1194065.053
CH2,298.15-1000,3.04E-12,-1.38E-08,2.39E-05,-0.018591443,12.76041456,-2062.163314,184321.1674
CH2,1000-6000,1.05E-15,-2.25E-11,1.95E-07,-0.000905431,9.824735018,-4762.385563,1142278.778
CH2ClF,298.15-1000,-4.30E-12,1.73E-08,-2.91E-05,0.02638031,0.23921984,-468.4031492,113849.3705
CH2ClF,1000-6000,8.11E-16,-2.05E-11,2.14E-07,-0.001195655,16.83767782,-6941.705791,1362047.704
CH2Cl2,298.15-1000,-2.27E-12,8.45E-09,-1.31E-05,0.011631444,7.337351212,-1790.55824,202868.6976
CH2Cl2,1000-6000,7.70E-16,-1.94E-11,2.03E-07,-0.001137857,16.66602621,-6668.03388,1398478.371
CH2F2,298.15-1000,-6.01E-12,2.53E-08,-4.42E-05,0.041374937,-7.452351309,1051.536906,4458.705067
CH2F2,1000-6000,8.90E-16,-2.23E-11,2.31E-07,-0.001277845,17.05077989,-7215.951242,1282455.459
H2CO,298.15-1000,-1.77E-12,8.89E-09,-1.98E-05,0.024473551,-5.928404676,1634.250656,-94014.83341
H2CO,1000-6000,9.13E-16,-2.26E-11,2.31E-07,-0.001254251,13.89078306,-6741.706922,1348624.729
CH3,298.15-1000,-4.56E-14,-1.13E-09,2.90E-06,-4.02E-05,6.097361082,-774.7747099,83543.08384
CH3,1000-6000,9.63E-16,-2.44E-11,2.59E-07,-0.00149155,14.98048565,-9462.796596,2829059.066
C1H3Cl,298.15-1000,-3.21E-12,1.26E-08,-2.13E-05,0.021455796,0.229667451,-408.2198416,108746.0249
C1H3Cl,1000-6000,1.09E-15,-2.76E-11,2.92E-07,-0.001649098,18.36363654,-9844.717287,2345644.187
C1H3F,298.15-1000,-5.29E-12,2.21E-08,-3.94E-05,0.039437979,-9.104567752,1556.121133,-35996.12042
C1H3F,1000-6000,1.23E-15,-3.08E-11,3.20E-07,-0.001777808,18.67602549,-10215.1488,2302635.42
CNI,298.15-1000,1.77E-12,-6.57E-09,8.88E-06,-0.004623536,7.723588482,-259.3060517,-24973.58429
CNI,1000-6000,2.45E-16,-5.94E-12,5.91E-08,-0.000310639,8.421504088,-1505.860679,233288.027
KCN,298.15-1000,1.30E-12,-4.54E-09,5.30E-06,-0.001315768,6.024645541,223.6171307,-55752.59354
KCN,1000-6000,2.07E-16,-5.11E-12,5.18E-08,-0.000277706,8.339877105,-1396.095476,221094.7364
CN,298.15-1000,6.50E-13,-1.56E-09,-1.71E-07,0.003754796,0.619123467,810.2417423,-79859.39697
CN,1000-6000,-3.04E-15,9.92E-11,-1.19E-06,0.006620246,-11.20588664,16402.24508,-6744606.056
NaCN,298.15-1000,1.51E-12,-5.47E-09,6.92E-06,-0.002766115,6.723959146,45.01029623,-44203.30427
NaCN,1000-6000,2.54E-16,-6.10E-12,6.02E-08,-0.000313335,8.421919961,-1495.53388,252783.5284
NCO,298.15-1000,-8.90E-13,4.95E-09,-1.12E-05,0.012675297,0.624827276,565.2721073,-54691.62405
NCO,1000-6000,-2.69E-16,4.67E-12,-1.36E-08,-6.77E-05,7.973036166,-1030.040285,-150360.5905
CNN,298.15-1000,3.45E-13,-1.70E-09,2.80E-06,-0.001299441,6.989459361,-664.959355,45095.93726
CNN,1000-6000,3.39E-16,-8.53E-12,8.88E-08,-0.000493958,9.074009327,-2817.492374,663863.1076
NCN,298.15-1000,-2.84E-12,1.26E-08,-2.26E-05,0.020637887,-1.682494087,923.4968392,-70533.95467
NCN,1000-6000,-3.54E-16,9.26E-12,-7.13E-08,0.000236093,7.16997304,67.20034844,-493251.9869
COS,298.15-1000,2.54E-12,-9.31E-09,1.31E-05,-0.008433831,10.36020509,-1453.163656,96457.85206
COS,1000-6000,3.55E-16,-8.06E-12,7.47E-08,-0.000286273,8.510105904,-1543.624976,105623.4211
CO2-,298.15-1000,-2.89E-12,1.33E-08,-2.52E-05,0.024577288,-4.929528943,1511.750233,-102539.8026
CO2-,1000-6000,1.77E-16,-4.36E-12,4.39E-08,-0.000231314,7.680277159,-1082.149543,-160058.9652
CP,298.15-1000,-1.43E-12,6.21E-09,-1.09E-05,0.009574448,0.470851251,347.5913848,-7245.404921
CP,1000-6000,2.91E-17,-7.90E-13,8.57E-09,-2.09E-05,4.645481785,-235.5151122,-97422.67436
CS,298.15-1000,-1.60E-12,6.98E-09,-1.23E-05,0.011044694,-0.333718271,544.3415631,-24691.31238
CS,1000-6000,-2.39E-15,6.23E-11,-5.05E-07,0.001927451,0.838415936,3428.035779,-1476880.764
CS2,298.15-1000,-8.68E-13,4.27E-09,-8.50E-06,0.008552435,3.602813919,103.804544,-31978.17499
CS2,1000-6000,1.22E-16,-2.88E-12,2.66E-08,-5.08E-05,7.89576923,-604.8966508,-134710.7504
SiC,298.15-1000,2.70E-11,-1.20E-07,0.000216434,-0.201523005,103.8803253,-23247.61355,2001641.932
SiC,1000-6000,-1.37E-16,1.87E-12,4.37E-11,-0.000133481,5.911534076,-2436.492421,1504383.437
Si2C,298.15-1000,-8.54E-13,4.35E-09,-8.97E-06,0.009332689,2.852110749,395.9881786,-50698.62373
Si2C,1000-6000,2.21E-14,-4.16E-10,2.74E-06,-0.007104676,15.06738142,-2253.411921,-1061259.522
C2-,298.15-1000,-6.11E-13,3.70E-09,-8.85E-06,0.010674068,-1.922374104,1230.53452,-104651.0981
C2-,1000-6000,-1.42E-15,5.36E-11,-7.16E-07,0.00428263,-5.841920224,10818.95137,-4504712.474
BeC2,298.15-1000,-8.29E-13,5.35E-09,-1.34E-05,0.016777079,-2.738969079,1692.920593,-170396.5752
BeC2,1000-6000,3.10E-16,-7.40E-12,7.24E-08,-0.000372998,8.577682132,-1698.707582,67611.80025
C2Cl2,298.15-1000,1.56E-12,-5.84E-09,8.14E-06,-0.004808068,11.64182527,-988.6971045,36714.71164
C2Cl2,1000-6000,2.61E-16,-6.32E-12,6.29E-08,-0.000330598,11.48133713,-1603.902801,133274.6741
C2Cl4,298.15-1000,-1.91E-12,8.06E-09,-1.35E-05,0.010594875,13.27667915,-1500.850393,96861.9073
C2Cl4,1000-6000,2.57E-16,-4.86E-12,4.12E-08,-0.000195186,16.53805709,-821.5319552,-418037.7245
C2Cl6,298.15-1000,-8.83E-13,1.18E-09,2.91E-06,-0.008197427,30.61165262,-4511.973239,301548.5664
C2Cl6,1000-6000,1.67E-15,-3.73E-11,3.31E-07,-0.001457584,24.57745566,-1310.633287,-709683.8821
C2F2,298.15-1000,-1.59E-12,7.62E-09,-1.49E-05,0.014870784,3.608147554,39.43602323,-16682.076
C2F2,1000-6000,2.38E-16,-5.75E-12,5.68E-08,-0.000295056,11.35783506,-1356.828496,-172965.0359
CF3CN,298.15-1000,-2.02E-12,8.85E-09,-1.59E-05,0.014246277,10.91249391,-1843.977449,144810.9353
CF3CN,1000-6000,4.25E-16,-1.02E-11,1.01E-07,-0.000524165,17.53652619,-2470.321816,-224350.8037
C2F4,298.15-1000,-3.99E-12,1.81E-08,-3.34E-05,0.031094413,2.462547014,281.2173965,-42879.4361
C2F4,1000-6000,3.90E-16,-9.19E-12,8.86E-08,-0.000449716,17.27840931,-1977.164449,-412107.8959
C2F6,298.15-1000,1.16E-11,-4.16E-08,6.19E-05,-0.051599019,50.03151828,-11302.94418,1028654.741
C2F6,1000-6000,7.98E-16,-1.28E-11,7.23E-08,-0.0001842,21.75438018,-287.6183371,-1325664.095
C2H1,298.15-1000,1.44E-12,-5.97E-09,9.30E-06,-0.005769655,8.023419228,-940.7039946,56461.2772
C2H1,1000-6000,-2.08E-15,7.05E-11,-8.66E-07,0.00475129,-3.208803401,9589.691703,-4242880.882
C2HCl,298.15-1000,2.30E-12,-1.00E-08,1.71E-05,-0.01346794,15.10557709,-2176.476111,130965.9599
C2HCl,1000-6000,4.09E-16,-1.07E-11,1.17E-07,-0.000686594,12.82627095,-4472.483256,1156020.407
C2HF,298.15-1000,1.77E-12,-7.89E-09,1.36E-05,-0.010454795,13.71123294,-2026.486748,131994.4981
C2HF,1000-6000,4.94E-16,-1.26E-11,1.35E-07,-0.000774063,13.0761087,-4882.031575,1260889.857
C2H2,298.15-1000,8.60E-12,-3.59E-08,6.01E-05,-0.049594183,30.73360062,-6238.919513,517770.9839
C2H2,1000-6000,2.86E-17,-3.12E-12,6.57E-08,-0.000427341,13.1878008,-6413.167914,1795082.503
C2H4,298.15-1000,-3.80E-12,1.44E-08,-2.35E-05,0.023431651,1.851127085,-1305.200527,216354.6842
C2H4,1000-6000,1.46E-15,-3.71E-11,3.92E-07,-0.002216847,23.22619313,-13316.61502,3242499.526
C2H4O,298.15-1000,-6.69E-12,2.63E-08,-4.31E-05,0.039059922,-0.354295296,-1693.900233,296850.4854
C2H4O,1000-6000,1.57E-15,-3.97E-11,4.14E-07,-0.002322793,26.49115412,-13648.75691,2927751.844
(KCN)2,298.15-1000,2.97E-12,-1.04E-08,1.25E-05,-0.003836854,13.38822993,442.8988129,-117624.3131
(KCN)2,1000-6000,4.54E-16,-1.11E-11,1.11E-07,-0.000585306,17.74430179,-2859.599672,475475.2918
C2N,298.15-1000,-1.89E-12,7.70E-09,-1.24E-05,0.009562096,4.555598638,-465.3721402,50568.86903
C2N,1000-6000,-2.14E-16,5.65E-12,-4.47E-08,0.000156262,7.249661408,134.005542,-381520.5799
(CN)2,298.15-1000,3.62E-12,-1.38E-08,1.95E-05,-0.011657015,12.74424199,-1332.187033,55640.18249
(CN)2,1000-6000,5.35E-16,-1.29E-11,1.28E-07,-0.00067217,12.49399461,-3265.786866,502459.6742
(NaCN)2,298.15-1000,3.00E-12,-1.07E-08,1.32E-05,-0.004762852,13.94142175,267.91312,-122973.1883
(NaCN)2,1000-6000,4.70E-16,-1.14E-11,1.13E-07,-0.000597959,17.78036486,-2921.44983,469699.9666
C2O,298.15-1000,-8.19E-13,3.88E-09,-7.76E-06,0.008679468,2.63883068,286.2922986,-36844.20704
C2O,1000-6000,-4.17E-16,4.16E-12,3.61E-08,-0.000699637,11.09440457,-5367.834468,1816222.271
SiC2,298.15-1000,-7.20E-13,3.88E-09,-8.46E-06,0.009277661,2.670224487,351.8978146,-42337.30553
SiC2,1000-6000,2.41E-14,-4.96E-10,3.72E-06,-0.01232974,27.73059233,-16284.28564,4581898.29
C3,298.15-1000,-1.39E-12,7.22E-09,-1.57E-05,0.018370429,-5.04963649,2101.712311,-153084.4968
C3,1000-6000,1.64E-16,-2.68E-12,9.91E-09,7.82E-05,6.767400287,-1753.415532,289330.0232
C3O2,298.15-1000,2.79E-12,-9.66E-09,1.12E-05,-0.003324366,11.88068079,-1235.428157,48496.05135
C3O2,1000-6000,6.30E-16,-1.52E-11,1.51E-07,-0.000792789,15.843632,-3810.587039,362943.0489
C4,298.15-1000,9.00E-13,-2.31E-09,4.85E-07,0.003425943,7.579383417,-862.2605807,29930.92973
C4,1000-6000,3.68E-16,-8.97E-12,8.96E-08,-0.000471803,11.89582962,-2259.315786,4359.849258
C4N2,298.15-1000,4.35E-12,-1.59E-08,2.09E-05,-0.009951412,16.53341321,-1519.459578,34792.2551
C4N2,1000-6000,8.07E-16,-1.95E-11,1.93E-07,-0.001014037,19.50410483,-4905.147891,636208.6486
Ni(CO)4,298.15-1000,4.88E-12,-1.65E-08,1.82E-05,-0.0031941,19.23540622,335.5476041,-237311.8404
Ni(CO)4,1000-6000,8.32E-16,-2.04E-11,2.07E-07,-0.0010567,28.25411284,-5331.071983,627829.2653
C5,298.15-1000,1.74E-12,-5.39E-09,4.69E-06,0.000935463,11.33196318,-1544.001039,56261.06902
C5,1000-6000,5.02E-16,-1.22E-11,1.22E-07,-0.000639022,15.39000701,-3062.186371,15428.97362
Fe(CO)5,298.15-1000,5.05E-12,-1.72E-08,1.92E-05,-0.003793846,26.0775103,-1175.970676,-156240.9812
Fe(CO)5,1000-6000,1.09E-15,-2.63E-11,2.62E-07,-0.001320672,35.00964324,-6495.387138,491304.8737
Ca,298.15-1000,-7.54E-25,3.02E-21,-4.97E-18,4.29E-15,2.499966925,4.97E-10,-4.90E-08
Ca,1000-6000,3.42E-14,-8.80E-10,8.25E-06,-0.034466046,73.77068185,-71116.72139,27121987.21
CaCl,298.15-1000,2.10E-13,-9.02E-10,1.58E-06,-0.001407787,5.265002918,-220.8159216,5896.326607
CaCl,1000-6000,1.67E-15,-5.58E-11,6.34E-07,-0.002764603,10.39904099,-5833.116481,2165735.229
CaCl2,298.15-1000,3.27E-13,-1.34E-09,2.28E-06,-0.002068945,8.571697873,-310.1857793,4513.882991
CaCl2,1000-6000,-1.22E-17,2.42E-13,-1.91E-09,7.51E-06,7.484626476,14.71308754,-42274.74732
CaF,298.15-1000,1.90E-13,-9.13E-10,1.86E-06,-0.002032744,5.860278147,-508.8842293,31840.75913
CaF,1000-6000,9.92E-16,-3.92E-11,4.88E-07,-0.002226014,9.405282226,-4969.766852,1844109.153
CaF2,298.15-1000,6.93E-13,-2.97E-09,5.34E-06,-0.005194126,9.941494494,-952.8376896,50448.05499
CaF2,1000-6000,-2.25E-17,4.37E-13,-3.31E-09,1.24E-05,6.976987139,18.12051169,-100205.0106
CaOH,298.15-1000,3.22E-13,-2.62E-09,6.91E-06,-0.007797505,11.08096255,-1462.526337,86164.39483
CaOH,1000-6000,2.86E-15,-8.26E-11,8.50E-07,-0.003780113,16.0229422,-10309.27551,3833043.926
CaOH+,298.15-1000,5.01E-13,-3.28E-09,7.88E-06,-0.008513124,11.35060267,-1505.448405,89591.3071
CaOH+,1000-6000,8.26E-17,-2.94E-12,4.21E-08,-0.000316055,8.845876188,-3202.08036,1154784.65
Ca(OH)2,298.15-1000,7.87E-13,-5.69E-09,1.43E-05,-0.015670826,19.95051029,-2759.546696,149892.0336
Ca(OH)2,1000-6000,1.08E-16,-4.72E-12,7.48E-08,-0.00059405,15.61028914,-6316.730069,2286571.181
CaI,298.15-1000,-1.96E-13,7.10E-10,-1.02E-06,0.000773659,4.224178752,47.32329705,-11790.63479
CaI,1000-6000,3.34E-15,-9.65E-11,9.82E-07,-0.004117265,12.96265722,-8250.7001,3062635.767
CaI2,298.15-1000,7.19E-14,-3.15E-10,5.78E-07,-0.00056874,7.820339278,-100.4841924,-5738.332221
CaI2,1000-6000,-1.44E-17,2.83E-13,-2.18E-09,8.35E-06,7.483339256,15.82861409,-25833.33444
HgH,298.15-1000,-1.63E-12,7.05E-09,-1.24E-05,0.011251936,-0.345387072,536.6236517,-24141.43331
HgH,1000-6000,-2.85E-10,6.07E-06,-0.050851867,212.0387804,-458984.564,485597946.3,-1.95712E+11
HI,298.15-1000,1.82E-12,-6.65E-09,8.68E-06,-0.003927332,3.988893931,87.26401998,-19000.14805
HI,1000-6000,2.41E-16,-5.91E-12,5.96E-08,-0.000266134,5.463191366,-1617.384434,350213.8055
SiHI3,298.15-1000,1.87E-12,-7.46E-09,1.15E-05,-0.008385734,16.21729483,-1586.355719,75885.36352
SiHI3,1000-6000,2.37E-16,-5.80E-12,5.83E-08,-0.000309841,13.92970119,-1534.71039,83148.42349
KH,298.15-1000,-6.81E-13,2.61E-09,-3.84E-06,0.002595488,4.197313244,-475.4107937,56332.21046
KH,1000-6000,2.06E-17,-5.07E-13,5.03E-09,8.63E-05,4.573726311,-112.5551922,-90370.52201
KOH,298.15-1000,7.03E-14,-1.39E-09,4.36E-06,-0.004907904,9.182037416,-756.4395086,27033.05627
KOH,1000-6000,6.57E-17,-2.64E-12,3.99E-08,-0.000307586,8.821407344,-3140.525124,1175957.258
KOH+,298.15-1000,-1.09E-13,-6.88E-10,3.20E-06,-0.003871289,8.639075202,-594.2047968,17190.14808
KOH+,1000-6000,-1.56E-17,-4.64E-13,2.16E-08,-0.000235044,8.673307925,-2985.026914,1126074.181
LiH,298.15-1000,-1.64E-12,7.35E-09,-1.34E-05,0.012683297,-1.402387143,831.9918491,-51616.71253
LiH,1000-6000,-5.23E-16,1.25E-11,-9.39E-08,0.000426889,3.974379503,344.5552898,-338287.183
LiOH,298.15-1000,4.27E-13,-2.86E-09,6.95E-06,-0.007499465,10.73682103,-1304.942195,78073.86078
LiOH,1000-6000,2.66E-17,-1.80E-12,3.29E-08,-0.000278806,8.769286625,-3134.603113,1149625.116
LiOH+,298.15-1000,2.42E-13,-2.21E-09,5.97E-06,-0.006604995,10.23143779,-1134.151201,64284.52863
LiOH+,1000-6000,-6.50E-18,-6.53E-13,2.31E-08,-0.00024176,8.689103042,-3005.0287,1094284.577
MgH,298.15-1000,-1.80E-12,8.07E-09,-1.49E-05,0.014256128,-2.380222719,1097.508256,-77377.27014
MgH,1000-6000,-3.86E-17,-7.87E-12,1.63E-07,-0.000827488,6.796914735,-2659.068686,835200.698
MgOH,298.15-1000,3.09E-13,-2.63E-09,7.13E-06,-0.008313324,11.62200312,-1754.988863,120225.8555
MgOH,1000-6000,-9.84E-16,1.95E-11,-1.21E-07,0.000251612,7.814529068,-2269.901337,787391.5018
MgOH+,298.15-1000,4.79E-13,-3.25E-09,8.03E-06,-0.00895931,11.84841161,-1779.581834,120711.044
MgOH+,1000-6000,7.83E-17,-2.89E-12,4.20E-08,-0.000317013,8.852139056,-3215.439182,1129062.22
NH,298.15-1000,8.62E-13,-4.44E-09,8.62E-06,-0.007224849,6.514677382,-617.7368296,49940.53343
NH,1000-6000,1.14E-15,-2.47E-11,2.15E-07,-0.000770093,6.412100022,-3069.286175,992553.6534
HNO,298.15-1000,-1.01E-12,4.62E-09,-9.44E-06,0.010999614,0.079200794,521.1213556,-19217.89028
HNO,1000-6000,4.47E-16,-1.11E-11,1.13E-07,-0.000615617,8.915652589,-3339.714402,699497.1378
HONO,298.15-1000,-2.69E-12,1.10E-08,-1.86E-05,0.016653715,1.974968258,-107.3686398,22481.08732
HONO,1000-6000,3.40E-16,-9.03E-12,1.00E-07,-0.000601787,12.09869931,-4177.94437,917071.7438
HONO2,298.15-1000,-4.12E-12,1.71E-08,-2.88E-05,0.025085265,2.128013566,-556.0953816,72508.24462
HONO2,1000-6000,4.03E-16,-1.06E-11,1.16E-07,-0.000686704,15.3746913,-4703.775737,786127.8818
NaH,298.15-1000,-1.51E-12,6.26E-09,-1.04E-05,0.008714673,1.168745196,166.2235133,7852.825297
NaH,1000-6000,2.87E-17,-7.05E-13,7.11E-09,7.84E-05,4.61247168,-181.7620825,-104439.4499
NaOH,298.15-1000,9.41E-14,-1.44E-09,4.41E-06,-0.004966076,9.235658152,-780.8385397,29114.18426
NaOH,1000-6000,4.04E-17,-2.06E-12,3.48E-08,-0.000285545,8.778412784,-3126.313612,1179544.367
NaOH+,298.15-1000,3.32E-13,-2.33E-09,5.68E-06,-0.005813769,9.477302701,-786.3524303,33041.4512
NaOH+,1000-6000,1.16E-18,-7.68E-13,2.37E-08,-0.000242723,8.687662971,-2998.397432,1127641.601
OH,298.15-1000,1.03E-13,-1.34E-09,3.87E-06,-0.003932634,5.353700701,-407.5538829,42932.29071
OH,1000-6000,1.31E-16,-2.79E-12,3.62E-08,-0.000232984,5.75335394,-3105.822096,1244396.733
OH+,298.15-1000,1.30E-12,-6.04E-09,1.08E-05,-0.008470675,6.847380629,-653.0294342,50450.94516
OH+,1000-6000,-5.65E-16,6.85E-12,1.62E-08,-0.000281928,5.972287699,-2933.68359,1021814.791
OH-,298.15-1000,-1.89E-13,-2.21E-10,2.18E-06,-0.002680027,4.879796674,-325.1848246,29209.5035
OH-,1000-6000,-8.45E-18,-9.93E-13,2.54E-08,-0.000199412,5.684565852,-3067.275073,1232044.518
SrOH,298.15-1000,4.13E-13,-2.83E-09,6.92E-06,-0.007447997,10.66045367,-1248.251225,64934.33987
SrOH,1000-6000,5.90E-15,-1.43E-10,1.28E-06,-0.005151793,18.13481342,-11848.48208,4276795.344
HOO,298.15-1000,-2.71E-12,1.09E-08,-1.77E-05,0.015375059,-0.538552605,425.491334,3016.923467
HOO,1000-6000,-3.23E-15,7.60E-11,-6.92E-07,0.002899812,2.283252267,1957.921404,-794895.2115
PH,298.15-1000,1.60E-12,-5.92E-09,7.81E-06,-0.003438958,3.827834681,119.4153684,-21875.37623
PH,1000-6000,-1.44E-15,3.67E-11,-3.58E-07,0.001763224,1.211726158,2391.402061,-1067546.026
PbH,298.15-1000,-1.56E-12,7.34E-09,-1.41E-05,0.014081434,-2.605581011,1203.438201,-89952.44224
PbH,1000-6000,-2.25E-15,5.96E-11,-6.19E-07,0.003135531,-2.033591262,6188.990575,-2482155.026
HS,298.15-1000,1.85E-12,-7.55E-09,1.15E-05,-0.007155267,5.205225233,104.9827028,-32048.7314
HS,1000-6000,1.98E-16,-3.60E-12,4.03E-08,-0.000217066,5.48290335,-1948.155731,590360.3876
SiH,298.15-1000,2.76E-13,-1.04E-10,-2.49E-06,0.005669785,-0.139357766,958.8105483,-82364.5247
SiH,1000-6000,-1.69E-15,2.97E-11,-1.57E-07,0.000376668,4.465661524,-692.7065151,70259.78711
ZrH,298.15-1000,-1.88E-12,8.19E-09,-1.46E-05,0.013509863,-1.737206205,902.2597143,-57592.86775
ZrH,1000-6000,1.11E-16,-2.48E-12,2.27E-08,-3.36E-05,4.793198645,-429.2024691,-52292.68565
H2+,298.15-1000,8.10E-13,-2.71E-09,2.49E-06,0.001211229,1.750329858,586.2256002,-63207.88727
H2+,1000-6000,7.55E-15,-9.21E-11,7.08E-08,0.002424304,-4.049692905,11044.78434,-5413654.81
H2-,298.15-1000,-1.33E-12,6.40E-09,-1.28E-05,0.013535214,-2.742971208,1321.980593,-106057.8726
H2-,1000-6000,1.63E-16,-3.78E-12,3.58E-08,-2.82E-05,4.997041398,-758.2671893,34372.54209
SiH2I2,298.15-1000,3.68E-12,-1.42E-08,2.07E-05,-0.013705363,17.31290621,-2471.618105,155173.9602
SiH2I2,1000-6000,5.03E-16,-1.23E-11,1.23E-07,-0.000651545,14.95006537,-3213.128644,311318.8899
(KOH)2,298.15-1000,-7.41E-12,2.96E-08,-4.75E-05,0.039744037,-2.408969944,1374.476994,-67229.67139
(KOH)2,1000-6000,2.40E-16,-7.97E-12,1.08E-07,-0.000773178,19.1666038,-7295.060172,2108990.653
(LiOH)2,298.15-1000,-6.25E-12,2.46E-08,-3.85E-05,0.030991198,2.502991,-189.1268782,24697.8921
(LiOH)2,1000-6000,2.56E-16,-8.32E-12,1.11E-07,-0.000786208,19.19801151,-7335.762117,1987749.94
Mg(OH)2,298.15-1000,4.46E-13,-4.40E-09,1.25E-05,-0.014768282,20.18546263,-3214.852365,209655.9224
Mg(OH)2,1000-6000,1.45E-16,-5.51E-12,8.15E-08,-0.000623807,15.68321994,-6412.657663,2238747.812
O2Mo(OH)2,298.15-1000,-2.13E-13,9.95E-12,1.75E-06,-0.003142951,21.76120501,-3461.167526,280704.599
O2Mo(OH)2,1000-6000,3.47E-16,-9.36E-12,1.06E-07,-0.000646161,21.29852668,-4676.484082,908804.6747
NH2,298.15-1000,4.37E-13,-2.64E-09,4.98E-06,-0.002343923,4.949995898,-294.2113088,35313.4345
NH2,1000-6000,2.77E-15,-3.53E-11,1.13E-08,0.001340543,2.888442896,2775.854026,-1898761.479
HNNH,298.15-1000,-3.57E-12,1.49E-08,-2.61E-05,0.025686638,-4.408803221,1021.744285,-29007.08875
HNNH,1000-6000,7.46E-16,-1.91E-11,2.03E-07,-0.00115917,13.82301724,-7145.293721,1758862.988
(NaOH)2,298.15-1000,-7.12E-12,2.84E-08,-4.55E-05,0.037862832,-1.434817134,1095.255179,-57472.93186
(NaOH)2,1000-6000,2.73E-16,-8.63E-12,1.13E-07,-0.000793899,19.21006178,-7340.538622,2100526.964
Sr(OH)2,298.15-1000,5.66E-13,-4.65E-09,1.22E-05,-0.013436574,18.53752188,-2247.056265,107009.6164
Sr(OH)2,1000-6000,1.21E-16,-4.95E-12,7.63E-08,-0.000598329,15.61506562,-6315.613085,2328466.384
O2S(OH)2,298.15-1000,-5.22E-12,1.99E-08,-2.99E-05,0.022339436,10.83908969,-2277.353153,211708.5366
O2S(OH)2,1000-6000,4.54E-16,-1.28E-11,1.50E-07,-0.000956731,22.55068129,-7527.536745,1758010.313
O2W(OH)2,298.15-1000,3.53E-12,-1.42E-08,2.23E-05,-0.016876825,26.12541877,-3981.667774,263109.2463
O2W(OH)2,1000-6000,5.98E-16,-1.46E-11,1.46E-07,-0.000777834,21.34070049,-3895.087083,334242.9413
PH2,298.15-1000,2.94E-12,-1.10E-08,1.47E-05,-0.006932596,6.454102388,-496.2116398,37723.61371
PH2,1000-6000,5.63E-16,-1.37E-11,1.36E-07,-0.000721835,9.163501975,-3585.72564,704211.0047
SiH3I,298.15-1000,3.86E-12,-1.42E-08,1.87E-05,-0.009330814,13.92272191,-2336.20611,170570.5372
SiH3I,1000-6000,7.55E-16,-1.84E-11,1.85E-07,-0.000977433,15.91871068,-4792.453721,512873.3028
NH3,298.15-1000,-2.63E-12,9.97E-09,-1.59E-05,0.015967882,-1.201578693,612.9194496,-13883.2641
NH3,1000-6000,5.04E-15,-7.03E-11,3.41E-07,-0.000987624,13.27990729,-7917.55994,2117063.545
H30+,298.15-1000,-5.31E-12,2.10E-08,-3.36E-05,0.029458011,-6.626003008,1670.182698,-94443.60968
H30+,1000-6000,6.96E-18,-4.01E-12,9.04E-08,-0.000840231,14.04227373,-10392.40598,3657225.91
PH3,298.15-1000,2.40E-12,-8.01E-09,7.80E-06,0.001372935,4.68628438,-593.565143,76188.6788
PH3,1000-6000,8.78E-16,-2.14E-11,2.14E-07,-0.001135691,13.40585474,-5639.000445,903703.9242
N2H4,298.15-1000,-3.63E-12,1.12E-08,-1.21E-05,0.006577329,12.85292044,-3712.624277,405165.2973
N2H4,1000-6000,-1.51E-10,3.37E-06,-0.030007752,135.6157662,-324075.8948,381772935.8,-1.68347E+11
SiH4,298.15-1000,3.45E-12,-1.16E-08,1.21E-05,-0.000605048,8.411200778,-1732.561463,172392.78
SiH4,1000-6000,1.04E-15,-2.53E-11,2.51E-07,-0.001322567,16.92429322,-6403.948673,733195.3571
O,298.15-1000,9.84E-14,-3.28E-10,3.95E-07,-0.000177172,2.476933478,48.2202278,1982.457503
O,1000-6000,7.34E-16,-1.87E-11,1.77E-07,-0.000719142,3.923607975,-1354.690072,509488.0433
PO,298.15-1000,-1.65E-12,7.11E-09,-1.25E-05,0.011088034,-0.367766032,617.2282008,-22811.59523
PO,1000-6000,-2.11E-17,3.30E-12,-3.45E-08,0.000165816,4.244924348,178.5190794,-233446.1113
PbO,298.15-1000,1.48E-15,-2.56E-10,1.01E-06,-0.001619326,5.919060206,-658.0483999,53089.36055
PbO,1000-6000,-1.16E-14,2.11E-10,-1.32E-06,0.003988905,-1.697836842,4870.269016,-1590577.686
SO,298.15-1000,-1.32E-12,5.63E-09,-9.51E-06,0.007925407,1.489218849,97.74105893,13792.85348
SO,1000-6000,1.09E-15,7.05E-12,-2.46E-07,0.001565642,1.376399059,2615.281055,-983795.9529
SSO,298.15-1000,-1.12E-12,4.49E-09,-7.00E-06,0.004987893,5.972858655,-700.7774302,62920.73284
SSO,1000-6000,7.67E-17,-1.70E-12,1.54E-08,-7.27E-05,7.191256887,-272.3775151,-166364.401
SiO,298.15-1000,-1.66E-12,7.04E-09,-1.21E-05,0.010573426,0.038657834,442.3260128,-15463.91983
SiO,1000-6000,-1.63E-15,3.94E-11,-3.14E-07,0.001196697,2.262250481,2064.103073,-957720.3028
SrO,298.15-1000,9.93E-13,-3.54E-09,5.48E-06,-0.00474213,7.053828445,-821.8213721,61790.11653
SrO,1000-6000,-1.23E-13,2.63E-09,-2.16E-05,0.084922623,-155.383178,140445.4327,-46311555.89
TaO,298.15-1000,-8.50E-13,2.29E-09,-1.71E-06,0.000150844,5.292183886,-742.6298995,82847.00956
TaO,1000-6000,1.06E-14,-1.78E-10,9.04E-07,-0.00066046,1.442342896,7257.447613,-4342372.759
TiO,298.15-1000,-7.92E-13,2.76E-09,-3.36E-06,0.00119496,5.496833261,-861.5383055,104405.506
TiO,1000-6000,7.56E-15,-1.71E-10,1.41E-06,-0.004998925,13.39723783,-7440.369667,2342677.772
VO,298.15-1000,-6.53E-13,2.63E-09,-4.09E-06,0.002899907,3.962864001,-433.1503768,54774.91024
VO,1000-6000,6.25E-15,-1.40E-10,1.15E-06,-0.003970994,11.34126656,-5708.166102,1697054.414
WO,298.15-1000,-1.01E-12,4.07E-09,-6.50E-06,0.004979827,2.993155313,-232.234159,39614.85793
WO,1000-6000,6.23E-15,-1.40E-10,1.14E-06,-0.0039673,11.31615329,-5688.810342,1679782.731
ZrO,298.15-1000,-6.32E-12,1.97E-08,-2.07E-05,0.009799597,2.903744928,-461.5281651,71151.66696
ZrO,1000-6000,2.94E-14,-6.64E-10,5.86E-06,-0.02507385,58.21650849,-48110.87341,14649334.07
O2+,298.15-1000,3.58E-14,1.03E-09,-4.52E-06,0.007291654,-0.686960165,1021.793859,-91469.53459
O2+,1000-6000,1.27E-16,6.90E-12,-8.40E-08,0.000374267,3.904424839,268.3717352,-393573.4497
O2-,298.15-1000,-1.17E-12,4.76E-09,-7.70E-06,0.006124009,2.453105948,-115.8247993,30231.73361
O2-,1000-6000,4.39E-17,-9.78E-13,8.90E-09,1.66E-05,4.614694592,-168.728413,-92093.74391
PO2,298.15-1000,-1.56E-12,6.05E-09,-9.04E-06,0.005969337,6.168508153,-1070.122231,113459.8907
PO2,1000-6000,7.95E-17,-1.77E-12,1.61E-08,-7.65E-05,7.203155813,-291.726253,-213223.9911
SO2,298.15-1000,-3.44E-12,1.46E-08,-2.52E-05,0.021940116,-2.222914758,860.434307,-47311.60822
SO2,1000-6000,7.95E-17,-1.77E-12,1.61E-08,-7.65E-05,7.203155813,-291.726253,-213223.9911
SiO2,298.15-1000,-2.37E-12,1.01E-08,-1.75E-05,0.015181301,1.289299828,293.816529,-18183.76302
SiO2,1000-6000,8.84E-17,-2.14E-12,2.12E-08,-0.000110672,7.822212725,-506.7087145,-211106.2015
TaO2,298.15-1000,-1.10E-12,4.14E-09,-5.80E-06,0.00324791,7.236764263,-1125.078291,113343.7195
TaO2,1000-6000,3.89E-15,-8.45E-11,6.63E-07,-0.00216115,10.41424506,-2630.022893,496614.0055
TiO2,298.15-1000,-8.83E-13,3.33E-09,-4.63E-06,0.002376863,7.589093342,-1205.172676,123057.3717
TiO2,1000-6000,-9.42E-17,-1.74E-11,3.16E-07,-0.00169993,11.03576429,-4418.39943,1503812.321
VO2,298.15-1000,-8.99E-13,3.39E-09,-4.71E-06,0.002438054,7.572144086,-1208.877975,122004.0892
VO2,1000-6000,6.89E-17,-1.51E-12,1.35E-08,-6.32E-05,7.164987872,-232.6026437,-181287.4051
WO2,298.15-1000,-9.40E-13,3.62E-09,-5.21E-06,0.002954081,7.309403529,-1156.404698,118481.4134
WO2,1000-6000,-2.25E-15,4.36E-11,-2.87E-07,0.000898814,5.559568867,1106.770025,-625823.7783
ZrO2,298.15-1000,-4.34E-13,1.35E-09,-1.10E-06,-0.000782367,8.966401243,-1364.078921,128645.956
ZrO2,1000-6000,1.43E-17,-4.09E-13,4.54E-09,-2.55E-05,7.077143165,-122.760052,-169043.584
SO3,298.15-1000,-3.97E-12,1.71E-08,-2.99E-05,0.026150808,-0.689754179,434.0753395,-20873.91407
SO3,1000-6000,7.96E-16,-1.61E-11,1.32E-07,-0.000554811,11.29058348,-1613.23375,-101290.7567
WO3,298.15-1000,-1.14E-12,4.45E-09,-6.49E-06,0.003754576,10.35376527,-1489.063053,117885.4528
WO3,1000-6000,8.43E-17,-1.89E-12,1.74E-08,-8.34E-05,10.22338006,-323.2230512,-276227.4697
(P2O3)2,298.15-1000,8.32E-13,-5.75E-09,1.59E-05,-0.023413567,47.95035619,-9770.928445,697321.4433
(P2O3)2,1000-6000,1.70E-16,-3.96E-12,3.75E-08,-0.000185968,28.51172979,-757.8897148,-1137623.438
(WO3)2,298.15-1000,1.54E-12,-7.11E-09,1.37E-05,-0.014318788,30.71846041,-3034.319236,103806.7813
(WO3)2,1000-6000,3.60E-17,-7.80E-13,6.85E-09,-3.13E-05,22.07871577,-106.3912428,-340407.943
W3O8,298.15-1000,1.00E-12,-5.51E-09,1.29E-05,-0.016521535,43.59558007,-5596.875307,347336.9248
W3O8,1000-6000,5.62E-17,-1.36E-12,1.34E-08,-6.93E-05,31.19875698,-306.3913907,-664346.3046
(WO3)3,298.15-1000,1.20E-12,-6.58E-09,1.52E-05,-0.019314261,48.43408558,-6260.476741,350798.634
(WO3)3,1000-6000,1.07E-16,-2.40E-12,2.19E-08,-0.000103757,34.27295565,-386.9305825,-734944.1622
(P2O5)2,298.15-1000,-7.06E-12,2.84E-08,-4.38E-05,0.029139022,38.08957975,-8496.479957,678162.4133
(P2O5)2,1000-6000,5.08E-16,-1.21E-11,1.17E-07,-0.000591078,41.66829945,-2541.292184,-1745742.077
(WO3)4,298.15-1000,8.61E-13,-5.53E-09,1.44E-05,-0.019863853,61.87719335,-7261.489574,395409.6235
(WO3)4,1000-6000,1.15E-16,-2.61E-12,2.41E-08,-0.000116492,46.31358539,-456.8638856,-916499.3034
P+,298.15-1000,-3.88E-13,1.93E-09,-3.96E-06,0.004324027,-0.196826518,928.2477344,-70412.93147
P+,1000-6000,-7.04E-16,2.08E-11,-2.42E-07,0.001336312,-0.63002487,3239.809668,-1160665.191
P-,298.15-1000,-3.22E-14,2.74E-10,-6.42E-07,0.000725783,2.040427883,165.8628887,-8611.645872
P-,1000-6000,-1.65E-15,3.89E-11,-3.59E-07,0.001568009,-0.352495722,2272.221859,-640419.8322
PS,298.15-1000,2.13E-13,-8.31E-10,1.38E-06,-0.001254133,5.264216987,-291.658477,19968.63045
PS,1000-6000,-8.58E-16,1.25E-11,-3.80E-08,-4.38E-06,4.85089092,-539.2225045,219858.4894
P2,298.15-1000,2.65E-13,-1.18E-09,2.33E-06,-0.002628708,6.386856748,-812.4422694,70842.48
P2,1000-6000,-1.74E-18,1.16E-14,2.25E-10,2.39E-05,4.513838712,-28.83892714,-81005.98873
P4,298.15-1000,1.07E-12,-4.84E-09,9.16E-06,-0.009360609,15.55340325,-1872.136425,79988.78002
P4,1000-6000,-1.00E-17,1.57E-13,-8.14E-10,9.03E-07,10.0053202,-18.62297545,-202300.9026
PbS,298.15-1000,2.62E-13,-1.14E-09,2.03E-06,-0.001895676,5.549670264,-317.90118,13235.26296
PbS,1000-6000,1.60E-15,-1.21E-10,1.64E-06,-0.007809822,21.78610275,-17860.75589,6930595.133
Pb2,298.15-1000,-8.98E-14,3.02E-10,-3.89E-07,0.000424148,4.448937777,-5.163865721,-8027.700606
Pb2,1000-6000,-4.59E-18,6.74E-14,-3.21E-10,0.000195619,4.501291633,-3.69055636,-8914.731886